<?xml version="1.0" encoding="UTF-8"?>
<!DOCTYPE suite SYSTEM "http://testng.org/testng-1.0.dtd">
<suite name="Suite">
	<groups>
		<run>
			<include name="common"></include>
			<include name="sanity"></include>
			<include name="smoke"></include>
			<include name="regression"></include>
		</run>
	</groups>
	<test name="Test">
		<classes>
			<class name="leaf.Lead.EditLead" />
			<class name="leaf.Lead.MergeLead" />
			<class name="leaf.Lead.DeleteLead" />
			<class name="leaf.Lead.DuplicateLead" />
			<class name="leaf.Lead.CreateLead" />
		</classes>
	</test> <!-- Test -->
</suite> <!-- Suite -->
