<?xml version="1.0" encoding="UTF-8"?>
<!DOCTYPE suite SYSTEM "http://testng.org/testng-1.0.dtd">
<suite name="Suite" parallel="classes" thread-count="2">
	<groups>
		<run>
			<!-- <exclude name="regresion"></exclude> -->
			<include name="common"></include>
			<include name="smoke"></include>
		</run>
	</groups>
	<test name="Test">
		<classes>
			<class name="leaf.Lead.CreateLead" />
			<class name="leaf.Lead.MergeLead" />
			<class name="leaf.Lead.DeleteLead" />
			<class name="leaf.Lead.DuplicateLead" />
			<class name="leaf.Lead.EditLead" />
		</classes>
	</test> <!-- Test -->
</suite> <!-- Suite -->
